,Base: Total,Base: Weighted Total,Facebook,Facebook pct,Twitter,Twitter pct,Youtube,Youtube pct,Instagram,Instagram pct,Whatsapp,Whatsapp pct,Reddit,Reddit pct,Tik tok,Tik tok pct,Signal,Signal pct,Other social media channels,Other social media channels pct,Don't know,Don't know pct
EU27,7987.000,7459.000,3997.000,0.536,2157.000,0.289,2607.000,0.349,3595.000,0.482,746.000,0.100,378.000,0.051,1031.000,0.138,82.000,0.011,677.000,0.091,119.000,0.016
BE,197.000,203.000,127.000,0.626,49.000,0.244,53.000,0.263,80.000,0.393,8.000,0.038,10.000,0.050,26.000,0.130,1.000,0.005,15.000,0.076,6.000,0.027
BG,260.000,254.000,217.000,0.853,26.000,0.104,106.000,0.417,74.000,0.293,3.000,0.014,15.000,0.060,15.000,0.058,3.000,0.010,36.000,0.140,2.000,0.009
CZ,258.000,256.000,175.000,0.685,47.000,0.185,87.000,0.339,133.000,0.521,8.000,0.031,11.000,0.042,13.000,0.052,0.000,0.000,23.000,0.088,3.000,0.012
DK,220.000,220.000,175.000,0.797,36.000,0.164,50.000,0.225,82.000,0.374,8.000,0.037,23.000,0.104,18.000,0.082,8.000,0.035,13.000,0.057,2.000,0.008
DE,545.000,549.000,188.000,0.342,113.000,0.206,230.000,0.419,338.000,0.616,109.000,0.199,34.000,0.062,127.000,0.231,10.000,0.018,57.000,0.104,9.000,0.017
EE,277.000,279.000,217.000,0.777,49.000,0.176,87.000,0.310,95.000,0.339,5.000,0.016,27.000,0.096,31.000,0.110,3.000,0.010,44.000,0.156,2.000,0.006
IE,238.000,243.000,100.000,0.411,82.000,0.338,96.000,0.396,109.000,0.449,17.000,0.071,27.000,0.110,57.000,0.232,5.000,0.022,23.000,0.095,4.000,0.015
EL,299.000,302.000,195.000,0.647,71.000,0.236,139.000,0.460,155.000,0.512,6.000,0.021,31.000,0.101,28.000,0.092,4.000,0.012,55.000,0.183,2.000,0.008
ES,697.000,697.000,188.000,0.269,454.000,0.651,153.000,0.219,329.000,0.472,113.000,0.162,16.000,0.023,72.000,0.103,2.000,0.002,42.000,0.060,8.000,0.012
FR,527.000,533.000,235.000,0.440,217.000,0.407,160.000,0.299,259.000,0.487,32.000,0.060,20.000,0.037,74.000,0.139,5.000,0.009,36.000,0.069,2.000,0.004
HR,269.000,270.000,206.000,0.761,34.000,0.127,75.000,0.279,87.000,0.322,17.000,0.063,28.000,0.103,20.000,0.076,3.000,0.011,30.000,0.112,8.000,0.029
IT,569.000,572.000,295.000,0.516,165.000,0.289,171.000,0.299,309.000,0.540,69.000,0.120,20.000,0.035,53.000,0.094,3.000,0.005,35.000,0.061,14.000,0.025
CY,70.000,69.000,58.000,0.833,15.000,0.221,18.000,0.255,27.000,0.389,3.000,0.040,0.000,0.000,8.000,0.117,4.000,0.053,20.000,0.288,1.000,0.016
LV,293.000,289.000,198.000,0.683,59.000,0.203,94.000,0.325,93.000,0.321,21.000,0.073,18.000,0.061,45.000,0.157,4.000,0.012,57.000,0.196,7.000,0.025
LT,272.000,263.000,222.000,0.844,34.000,0.130,107.000,0.407,75.000,0.285,1.000,0.004,21.000,0.078,27.000,0.103,1.000,0.005,43.000,0.164,1.000,0.006
LU,59.000,59.000,26.000,0.438,12.000,0.199,31.000,0.523,33.000,0.560,1.000,0.016,7.000,0.120,11.000,0.187,1.000,0.024,12.000,0.203,1.000,0.024
HU,266.000,261.000,223.000,0.852,21.000,0.080,118.000,0.452,85.000,0.325,6.000,0.022,12.000,0.046,25.000,0.096,1.000,0.003,31.000,0.118,2.000,0.006
MT,72.000,72.000,67.000,0.939,15.000,0.202,12.000,0.168,30.000,0.416,6.000,0.083,1.000,0.018,10.000,0.138,2.000,0.023,5.000,0.074,1.000,0.020
NL,191.000,186.000,90.000,0.481,30.000,0.162,61.000,0.328,105.000,0.567,27.000,0.148,10.000,0.054,24.000,0.128,3.000,0.015,14.000,0.075,4.000,0.019
AT,182.000,184.000,89.000,0.485,28.000,0.154,53.000,0.287,98.000,0.533,36.000,0.198,16.000,0.085,43.000,0.231,6.000,0.032,22.000,0.120,1.000,0.005
PL,743.000,760.000,578.000,0.760,199.000,0.262,334.000,0.439,250.000,0.329,19.000,0.025,27.000,0.035,96.000,0.126,12.000,0.015,89.000,0.117,25.000,0.032
PT,240.000,242.000,145.000,0.598,104.000,0.429,59.000,0.241,152.000,0.629,32.000,0.131,15.000,0.062,26.000,0.105,0.000,0.000,8.000,0.035,1.000,0.003
RO,235.000,237.000,201.000,0.850,18.000,0.076,127.000,0.534,80.000,0.337,28.000,0.120,13.000,0.055,27.000,0.115,1.000,0.005,18.000,0.075,4.000,0.016
SI,250.000,250.000,183.000,0.730,53.000,0.210,71.000,0.283,83.000,0.331,3.000,0.011,23.000,0.090,27.000,0.106,6.000,0.024,35.000,0.138,3.000,0.010
SK,256.000,257.000,198.000,0.769,25.000,0.096,78.000,0.305,118.000,0.459,2.000,0.007,11.000,0.043,12.000,0.049,1.000,0.004,24.000,0.093,2.000,0.008
FI,248.000,248.000,115.000,0.463,68.000,0.276,88.000,0.353,117.000,0.472,29.000,0.116,24.000,0.098,57.000,0.228,5.000,0.019,30.000,0.121,5.000,0.018
SE,254.000,260.000,148.000,0.568,56.000,0.216,94.000,0.363,162.000,0.624,5.000,0.020,19.000,0.071,60.000,0.233,4.000,0.014,23.000,0.089,5.000,0.017
